{
  "image_size": {
    "width": 1280,
    "height": 720
  },
  "pattern_size": {
    "cols": 9,
    "rows": 6
  },
  "square_size_m": 0.025,
  "flags": 16384,
  "camera_matrix": [
    [
      401.27082044208663,
      0.0,
      640.6120313180757
    ],
    [
      0.0,
      401.2055738794197,
      447.9991609747912
    ],
    [
      0.0,
      0.0,
      1.0
    ]
  ],
  "dist_coeffs": [
    [
      1.2113723074476765,
      -1.2897284413719041,
      -0.006962780391748622,
      -0.0001481011864515816,
      0.06727196296085172,
      1.277657817298079,
      -1.2423371499945746,
      0.009809037613010869,
      0.0,
      0.0,
      0.0,
      0.0,
      0.0,
      0.0
    ]
  ],
  "mean_reproj_error_px_before": 0.030943799419473738,
  "mean_reproj_error_px": 0.03029193135665894
}